user_id,user_name,joined_date,date_of_birth,country
1,alexhubbard,16-12-23,11-09-87,South Africa
2,edwin80,13-02-24,06-10-83,South Africa
3,jonathansosa,22-02-24,03-01-94,South Africa
4,martindaniel,10-06-24,23-01-87,South Africa
5,kimedwards,18-09-24,20-09-77,South Africa
6,pbennett,13-12-23,29-07-79,South Africa
7,ashley93,25-12-23,16-04-93,South Africa
8,robert86,22-04-24,19-07-05,South Africa
9,moorestacey,10-01-24,05-02-94,South Africa
10,upennington,04-12-23,18-11-89,South Africa
11,ryan56,24-01-24,02-01-78,South Africa
12,briana31,09-12-23,04-01-81,South Africa
13,daviskristina,03-05-24,07-10-82,South Africa
14,susanmyers,22-12-23,11-05-94,South Africa
15,lmcmillan,28-09-24,17-11-02,South Africa
16,james61,11-08-24,01-07-07,South Africa
17,smcintosh,18-08-24,14-11-93,South Africa
18,russelljason,06-11-24,28-05-83,South Africa
19,cbrewer,16-06-24,11-08-82,South Africa
20,qmorrow,22-02-24,25-01-77,South Africa
21,gfisher,24-03-24,07-05-00,Estonia
22,bartlettjohn,14-12-23,25-06-77,Estonia
23,samuel63,01-10-24,04-09-78,Estonia
24,carrie67,16-04-24,14-03-87,Estonia
25,louismclaughlin,03-04-24,15-06-92,Estonia
26,patrick87,03-09-24,13-05-76,Estonia
27,nstephens,29-02-24,09-05-96,Estonia
28,christopher89,03-03-24,01-04-01,Estonia
29,randall87,16-11-24,27-03-88,Estonia
30,hectorross,28-10-24,28-09-90,Estonia
31,hesslydia,28-12-23,29-03-01,Estonia
32,whampton,27-10-24,27-09-79,Estonia
33,harrisonallison,07-04-24,16-07-84,Estonia
34,matthewcochran,26-04-24,08-01-93,Estonia
35,calvarez,21-08-24,03-06-07,Estonia
36,ashley45,25-08-24,23-09-78,Estonia
37,bookerryan,01-06-24,23-12-85,Estonia
38,roachanthony,06-08-24,19-04-75,Estonia
39,thiggins,22-04-24,10-03-97,Estonia
40,anthony62,16-03-24,31-05-95,Estonia
41,justinmoore,08-12-23,21-04-90,Estonia
42,jeffery83,17-03-24,08-08-84,Estonia
43,samuel27,09-10-24,26-12-01,Estonia
44,haleann,07-11-24,24-12-76,Estonia
45,wilsonlisa,10-10-24,15-01-04,Estonia
46,andrew88,29-07-24,05-08-89,Estonia
47,jennifer76,08-11-24,27-11-92,Estonia
48,dharper,30-11-23,08-06-06,Estonia
49,dperez,13-06-24,27-10-96,Estonia
50,mcclainhoward,04-02-24,10-12-97,Estonia
51,bradfordgerald,22-01-24,17-01-78,Estonia
52,caroline44,18-08-24,17-02-04,Estonia
53,adamsjay,31-08-24,21-06-78,Estonia
54,swinters,25-10-24,29-12-77,Estonia
55,umathis,30-11-23,22-10-75,Estonia
56,jacobsseth,25-06-24,14-01-97,Estonia
57,michaelfarmer,18-03-24,24-10-98,Estonia
58,ochoamary,11-01-24,11-10-87,Estonia
59,millsjoseph,23-08-24,26-09-00,Estonia
60,billysullivan,10-07-24,19-07-75,Estonia
61,nelsontyler,19-06-24,06-11-04,Estonia
62,davidbutler,25-04-24,09-04-89,Estonia
63,austinjenny,12-08-24,02-02-76,Estonia
64,alvarezlisa,28-07-24,25-06-97,Estonia
65,erikajackson,30-07-24,20-06-86,Estonia
66,jessicabecker,13-06-24,30-12-91,Cote d'Ivoire
67,emilywu,31-05-24,26-01-76,Cote d'Ivoire
68,adrianmartin,22-05-24,27-10-96,Cote d'Ivoire
69,daniel73,15-05-24,11-12-95,Cote d'Ivoire
70,nharris,02-10-24,23-09-04,Cote d'Ivoire
71,kevinhester,12-02-24,18-04-94,Cote d'Ivoire
72,ewilson,02-03-24,12-12-82,Djibouti
73,isantiago,13-08-24,21-01-99,Djibouti
74,whitesierra,31-08-24,27-05-76,Djibouti
75,vargaskeith,13-09-24,08-06-94,Djibouti
76,davidhoward,03-09-24,05-02-99,Djibouti
77,courtney08,29-07-24,06-03-81,Qatar
78,heathermcpherson,30-01-24,10-09-85,Qatar
79,cindywiggins,12-05-24,02-04-00,Qatar
80,roselisa,13-01-24,11-05-81,Qatar
81,wward,26-09-24,15-08-83,Qatar
82,eknapp,20-01-24,26-11-96,Qatar
83,ruben58,23-09-24,27-05-96,Qatar
84,orrmaria,30-11-23,03-09-75,Somalia
85,connie67,14-08-24,09-12-01,Somalia
86,lijack,08-07-24,14-06-07,Somalia
87,maldonadojames,31-05-24,02-08-87,Somalia
88,brenda88,10-02-24,16-06-06,Somalia
89,fpotter,21-12-23,14-05-94,Somalia
90,vmiller,03-05-24,07-10-00,Somalia
91,colemanheather,28-03-24,13-06-02,Somalia
92,chenmichael,05-12-23,18-06-93,Somalia
93,colleen33,14-03-24,15-08-75,Somalia
94,wrightbryan,17-04-24,06-07-00,Maldives
95,crystal85,23-08-24,14-03-84,Maldives
96,wtorres,16-06-24,10-06-79,Maldives
97,jonesphillip,22-04-24,03-02-95,Maldives
98,glarson,18-12-23,04-09-05,Maldives
99,mendozaalexander,02-07-24,31-01-96,Maldives
100,amanda01,19-04-24,30-03-75,Maldives
101,emily06,31-12-23,19-01-95,Maldives
102,awatts,12-03-24,09-10-00,Korea
103,lindawilson,08-03-24,03-02-94,Korea
104,inorton,05-07-24,09-06-84,Korea
105,jamesgonzalez,07-12-23,22-12-91,Korea
106,robinsonsteven,02-10-24,09-06-07,Korea
107,robertdeleon,01-11-24,12-09-06,Korea
108,paul08,01-05-24,19-03-83,Korea
109,brenda67,16-11-24,12-03-77,Korea
110,jacobsashley,01-12-23,19-03-82,Korea
111,hannah08,17-03-24,31-10-84,Korea
112,qanderson,23-03-24,15-03-98,Micronesia
113,amcgee,04-09-24,27-10-80,Micronesia
114,tara36,28-07-24,12-09-04,Micronesia
115,oallen,21-12-23,02-12-83,Micronesia
116,lawrencemclaughlin,06-05-24,02-04-78,Micronesia
117,ashleychristensen,10-11-24,14-11-05,Micronesia
118,odillon,20-06-24,18-09-91,Micronesia
119,irobbins,30-07-24,26-11-80,Micronesia
120,hayesgabrielle,19-08-24,04-11-86,Micronesia
121,hernandezmark,18-11-23,10-07-78,Micronesia
122,vtorres,09-11-24,09-02-83,Zambia
123,ocabrera,17-01-24,09-02-07,Zambia
124,kristy24,14-05-24,18-10-90,Zambia
125,olivia97,20-08-24,14-05-00,Zambia
126,sonya88,20-11-23,29-10-06,Zambia
127,albertfoster,17-01-24,28-06-92,Zambia
128,robinalvarez,15-02-24,29-01-89,Zambia
129,alexandrayoung,02-03-24,28-07-97,Zambia
130,jessicaandrews,07-04-24,26-02-02,Zambia
131,patrick72,05-07-24,22-07-98,Zambia
132,mark94,31-05-24,26-03-97,Zambia
133,jeremy24,14-03-24,20-03-92,Falkland Islands (Malvinas)
134,vmoore,16-01-24,15-07-86,Falkland Islands (Malvinas)
135,vasquezdale,03-09-24,08-09-86,Falkland Islands (Malvinas)
136,daviesjamie,06-01-24,26-03-93,Falkland Islands (Malvinas)
137,johnbailey,14-11-24,15-09-77,Falkland Islands (Malvinas)
138,bleonard,17-03-24,05-04-06,Falkland Islands (Malvinas)
139,cody66,27-03-24,18-12-75,Falkland Islands (Malvinas)
140,wallslauren,06-08-24,01-04-98,Falkland Islands (Malvinas)
141,carlos54,12-01-24,21-12-85,Falkland Islands (Malvinas)
142,ianderson,25-12-23,02-04-83,Falkland Islands (Malvinas)
143,dthomas,18-06-24,06-06-91,Falkland Islands (Malvinas)
144,ubutler,12-08-24,14-03-00,Falkland Islands (Malvinas)
145,elizabethsmith,20-01-24,06-01-82,Falkland Islands (Malvinas)
146,jay99,06-12-23,15-07-78,Falkland Islands (Malvinas)
147,calhounscott,07-03-24,30-08-84,Falkland Islands (Malvinas)
148,bryanrebecca,01-01-24,06-07-75,Falkland Islands (Malvinas)
149,gordonbrian,22-08-24,23-12-79,Falkland Islands (Malvinas)
150,mooreamanda,01-01-24,19-11-88,Falkland Islands (Malvinas)
151,theodorefletcher,13-03-24,07-06-76,Falkland Islands (Malvinas)
152,vbaker,01-10-24,27-07-87,Falkland Islands (Malvinas)
153,rlawrence,01-08-24,11-01-05,Falkland Islands (Malvinas)
154,hannahsoto,04-02-24,17-05-02,Falkland Islands (Malvinas)
155,jason01,27-01-24,09-05-77,Falkland Islands (Malvinas)
156,uwilliams,01-03-24,19-06-07,Falkland Islands (Malvinas)
157,qroman,02-03-24,24-11-77,Falkland Islands (Malvinas)
158,albert21,01-02-24,15-07-82,Falkland Islands (Malvinas)
159,kenneth40,18-03-24,27-02-79,Falkland Islands (Malvinas)
160,lneal,19-06-24,15-01-97,Falkland Islands (Malvinas)
161,lance23,11-12-23,25-11-81,Sao Tome and Principe
162,jhill,05-08-24,25-03-00,Sao Tome and Principe
163,cescobar,09-01-24,10-06-03,Sao Tome and Principe
164,markwong,03-05-24,17-02-96,Sao Tome and Principe
165,morgan48,21-01-24,11-01-99,Sao Tome and Principe
166,ybishop,28-08-24,08-01-76,Sao Tome and Principe
167,gregory34,03-09-24,20-12-97,Sao Tome and Principe
168,michael76,31-10-24,17-05-91,Sao Tome and Principe
169,danahernandez,21-06-24,04-11-75,Sao Tome and Principe
170,hunterbrandon,18-04-24,15-03-99,Sao Tome and Principe
171,rellis,03-03-24,05-03-97,Sao Tome and Principe
172,vrivera,13-04-24,22-04-87,Sao Tome and Principe
173,miguel88,18-09-24,02-11-91,Sao Tome and Principe
174,brian73,25-02-24,09-10-89,Sao Tome and Principe
175,twolfe,23-03-24,15-12-82,Sao Tome and Principe
176,lorimarshall,06-05-24,18-01-03,Sao Tome and Principe
177,lewiswilliam,06-04-24,16-05-93,Sao Tome and Principe
178,ysmith,24-09-24,30-07-86,Sao Tome and Principe
179,esnyder,15-05-24,10-11-98,Sao Tome and Principe
180,sarahbird,28-11-23,11-04-02,Sao Tome and Principe
181,simmonsjoseph,10-06-24,28-10-84,Sao Tome and Principe
182,ykirby,29-11-23,25-05-76,Sao Tome and Principe
183,ophillips,13-01-24,20-04-88,Sao Tome and Principe
184,bushnicole,27-07-24,18-02-02,Sao Tome and Principe
185,jeffrey64,07-11-24,25-01-01,Sao Tome and Principe
186,david70,03-12-23,17-11-86,Sao Tome and Principe
187,gillwilliam,23-05-24,09-09-97,Sao Tome and Principe
188,brentmartinez,14-04-24,24-07-03,Sao Tome and Principe
189,aadams,05-06-24,05-10-86,Sao Tome and Principe
190,desiree09,14-11-24,14-05-05,Sao Tome and Principe
191,kathleenbrown,26-10-24,26-08-02,Sao Tome and Principe
192,barbarapayne,12-03-24,15-08-81,Sao Tome and Principe
193,leslie97,06-12-23,27-03-75,Sao Tome and Principe
194,tayloralex,19-03-24,30-11-01,Sao Tome and Principe
195,zjenkins,28-08-24,31-05-88,Djibouti
196,millsmichelle,09-03-24,16-11-95,Italy
197,wadedawn,16-01-24,23-12-85,Guadeloupe
198,evansjoseph,16-08-24,21-08-90,British Virgin Islands
199,sonia81,08-02-24,29-04-81,British Virgin Islands
200,pamela69,31-07-24,10-11-84,British Virgin Islands
201,mark13,13-01-24,15-06-00,British Virgin Islands
202,orrjoanna,23-01-24,10-04-94,British Virgin Islands
203,douglas56,06-06-24,02-11-00,British Virgin Islands
204,edwardward,17-04-24,18-02-81,British Virgin Islands
205,ggriffin,13-12-23,30-12-84,British Virgin Islands
206,amberthomas,04-06-24,29-06-01,British Virgin Islands
207,masongregory,02-05-24,10-07-78,British Virgin Islands
208,michael67,02-05-24,29-07-93,British Virgin Islands
209,andrea51,08-06-24,22-12-87,British Virgin Islands
210,kellymary,02-08-24,14-12-81,British Virgin Islands
211,lchambers,17-08-24,26-08-95,British Virgin Islands
212,montoyachelsea,10-01-24,03-05-94,British Virgin Islands
213,llong,27-04-24,30-05-06,British Virgin Islands
214,rangelnicole,09-05-24,07-06-77,British Virgin Islands
215,anthonymcdonald,13-07-24,28-02-77,British Virgin Islands
216,matthewlopez,22-03-24,16-04-79,British Virgin Islands
217,bowmanmaria,22-06-24,05-11-06,British Virgin Islands
218,kimberly65,27-07-24,20-12-85,British Virgin Islands
219,yjohnson,04-01-24,09-11-95,British Virgin Islands
220,peter72,26-04-24,12-09-76,British Virgin Islands
221,ibernard,15-11-24,25-04-95,British Virgin Islands
222,peterwhitney,02-03-24,05-01-95,British Virgin Islands
223,charlessmith,03-07-24,05-02-91,British Virgin Islands
224,anthony72,27-07-24,12-02-77,British Virgin Islands
225,arios,12-06-24,10-08-95,British Virgin Islands
226,corymcclure,12-12-23,03-08-85,British Virgin Islands
227,ldavid,29-01-24,24-05-96,British Virgin Islands
228,hernandezsarah,14-03-24,31-05-80,British Virgin Islands
229,kyleneal,08-07-24,12-01-90,British Virgin Islands
230,dhines,06-03-24,29-08-82,British Virgin Islands
231,heatherbond,26-07-24,24-07-00,British Virgin Islands
232,tina64,15-10-24,05-08-76,British Virgin Islands
233,oliviarobles,13-12-23,02-12-05,Hungary
234,levinenicholas,09-01-24,13-03-88,Syrian Arab Republic
235,josekennedy,06-08-24,25-12-76,Syrian Arab Republic
236,james36,19-12-23,03-07-79,Syrian Arab Republic
237,blackburnandrew,25-07-24,07-03-06,Syrian Arab Republic
238,mahoneyaaron,14-04-24,02-12-84,Syrian Arab Republic
239,gsparks,04-01-24,18-02-05,Syrian Arab Republic
240,ddixon,29-09-24,16-08-06,Syrian Arab Republic
241,jking,14-03-24,13-03-01,Syrian Arab Republic
242,jonesdaniel,20-09-24,15-08-88,Syrian Arab Republic
243,kimberlycox,08-03-24,16-09-01,Syrian Arab Republic
244,nibarra,09-07-24,06-11-95,Syrian Arab Republic
245,bryan44,06-07-24,30-03-88,Syrian Arab Republic
246,deborah30,19-05-24,17-01-77,Syrian Arab Republic
247,john64,16-09-24,01-01-99,Syrian Arab Republic
248,karen50,23-08-24,14-05-06,Syrian Arab Republic
249,qbailey,09-08-24,04-02-79,Syrian Arab Republic
250,jamesdecker,19-01-24,15-09-83,Syrian Arab Republic
251,joyce39,16-10-24,30-06-92,Syrian Arab Republic
252,jessica96,11-10-24,10-01-75,Syrian Arab Republic
253,iherring,20-11-23,22-06-96,Syrian Arab Republic
254,oclark,03-05-24,08-04-80,Syrian Arab Republic
255,damon35,18-03-24,22-01-91,Syrian Arab Republic
256,fwilliams,04-08-24,25-10-92,Syrian Arab Republic
257,johngarrison,19-03-24,15-01-98,Syrian Arab Republic
258,billy07,31-03-24,02-02-07,Syrian Arab Republic
259,elarsen,03-11-24,20-07-92,Syrian Arab Republic
260,mariahosborn,10-06-24,03-09-99,Syrian Arab Republic
261,jenniferyork,01-02-24,07-10-79,Bahrain
262,cindycampbell,22-09-24,22-04-07,Bahrain
263,kara43,10-02-24,15-11-04,Bahrain
264,kellyreed,17-12-23,30-12-88,Bahrain
265,lmorales,31-12-23,17-09-91,Bahrain
266,tpollard,30-07-24,17-01-80,Bahrain
267,joseph06,16-06-24,06-01-79,Bahrain
268,austinwilliam,05-03-24,20-01-83,Bahrain
269,maxwell60,29-10-24,03-11-03,Bahrain
270,ryan58,02-09-24,16-04-75,Bahrain
271,pamela49,14-03-24,14-09-78,Bahrain
272,pennyescobar,01-10-24,04-12-90,Bahrain
273,sotocatherine,02-02-24,11-01-03,Bahrain
274,allen28,29-07-24,15-05-98,Bahrain
275,jonathonsullivan,16-09-24,10-12-88,Bahrain
276,hwilson,18-04-24,17-04-05,Bahrain
277,hansendorothy,10-02-24,24-06-89,Bahrain
278,kelly54,02-02-24,04-08-00,Bahrain
279,brownaaron,29-11-23,10-07-87,Bahrain
280,boonecharles,07-09-24,06-10-80,Bahrain
281,philip44,03-05-24,03-11-84,Mauritius
282,carrollabigail,01-09-24,29-01-85,Mauritius
283,samuel35,16-10-24,08-07-03,Mauritius
284,andrew06,24-03-24,29-10-03,Mauritius
285,vharrison,29-06-24,20-04-95,Mauritius
286,mooneymichael,17-03-24,17-10-92,Mauritius
287,anita70,29-10-24,07-04-75,Mauritius
288,hhoover,02-11-24,08-05-00,Mauritius
289,kmyers,19-02-24,16-11-02,Mauritius
290,zhancock,13-07-24,08-07-77,Mauritius
291,lyonspamela,19-10-24,09-03-82,Mauritius
292,rbarnes,21-07-24,13-05-91,Mauritius
293,nmartinez,25-01-24,14-11-94,Mauritius
294,danielle74,14-04-24,16-05-94,Mauritius
295,mmarsh,21-01-24,14-04-89,Mauritius
296,sheryltrujillo,09-08-24,28-05-07,Mauritius
297,vchavez,21-12-23,13-08-93,Mauritius
298,becksamuel,20-08-24,02-11-05,Mauritius
299,rubioapril,09-11-24,20-07-92,Mauritius
300,perezgordon,25-02-24,26-06-87,Mauritius
301,reidgina,24-10-24,09-03-97,Mauritius
302,rortiz,19-07-24,22-11-75,Mauritius
303,thompsonbrittany,20-11-23,19-04-84,Mauritius
304,tjones,06-07-24,11-08-86,Niue
305,petersondaniel,18-08-24,03-01-81,Niue
306,abrown,30-09-24,10-01-91,Niue
307,curtis49,21-08-24,01-10-83,Niue
308,jacqueline71,12-10-24,31-01-92,Niue
309,williamsronnie,06-08-24,15-02-88,Niue
310,christophermiller,16-11-24,01-09-04,Niue
311,ronald82,23-03-24,13-01-02,Niue
312,eatonjames,22-01-24,28-09-75,Niue
313,lynnreeves,04-06-24,21-04-07,Niue
314,grahamchristine,22-09-24,05-01-81,Niue
315,colemanbrittney,30-01-24,17-04-95,Niue
316,bridget91,10-04-24,27-08-86,Niue
317,jason39,11-07-24,25-08-91,Niue
318,johnhamilton,02-03-24,10-02-88,Niue
319,obrienrobert,06-11-24,18-02-95,Niue
320,nicholastaylor,23-06-24,22-06-94,Niue
321,ywilliams,18-09-24,09-11-98,Niue
322,myerssheila,07-04-24,13-06-03,Niue
323,priscillamartinez,06-10-24,19-04-05,Niue
324,robertthomas,10-05-24,02-11-81,Niue
325,derekwalker,09-02-24,22-06-01,Niue
326,benjamin22,07-08-24,28-05-89,Niue
327,garciarobin,27-12-23,12-08-75,Niue
328,melissacamacho,20-09-24,16-12-77,Niue
329,leonardlaura,25-09-24,30-05-96,Niue
330,jessicahenderson,22-08-24,17-06-81,Niue
331,jillgarcia,04-10-24,08-06-06,Niue
332,frankpamela,25-04-24,07-03-84,Niue
333,grahamjohn,05-02-24,06-02-76,Niue
334,brittany13,22-12-23,30-11-87,Niue
335,garciatracy,22-01-24,06-05-01,Niue
336,bdunlap,26-12-23,04-06-87,Niue
337,allenjessica,19-09-24,13-01-97,Niue
338,karen33,14-03-24,21-07-86,Niue
339,melissa78,30-06-24,26-03-01,Niue
340,uavery,13-07-24,29-01-83,Niue
341,rodriguezcourtney,03-03-24,19-07-76,Niue
342,mary88,02-11-24,15-01-91,Niue
343,wwalker,03-05-24,12-06-85,Niue
344,stricklanderik,16-05-24,28-03-95,Niue
345,wardelizabeth,21-02-24,18-12-93,Niue
346,colleen77,23-05-24,31-05-98,Niue
347,james85,18-10-24,12-07-97,Niue
348,andrew50,23-04-24,31-03-77,Saint Martin
349,joseph76,21-05-24,30-06-80,Saint Martin
350,zalexander,03-09-24,04-05-93,Saint Martin
351,morganpatrick,25-02-24,18-10-84,Saint Martin
352,myork,31-12-23,31-08-00,Saint Martin
353,floresmackenzie,18-09-24,30-07-91,Saint Martin
354,humphreykristina,08-10-24,06-02-92,Saint Martin
355,theodore33,23-05-24,02-01-84,Saint Martin
356,pbenson,13-06-24,10-08-77,Saint Martin
357,justincordova,23-12-23,12-09-92,Saint Martin
358,christopher19,03-03-24,01-09-99,Saint Martin
359,johnsonscott,06-08-24,01-10-95,Saint Martin
360,kbrown,22-11-23,25-05-01,Saint Martin
361,burkesamuel,12-06-24,04-01-76,Saint Martin
362,debra10,02-05-24,07-10-89,Saint Martin
363,phillipmyers,23-01-24,21-02-04,Saint Martin
364,davisthomas,27-03-24,01-04-84,Saint Martin
365,johnramos,01-12-23,23-11-87,Saint Martin
366,hallmelanie,08-10-24,31-05-02,Saint Martin
367,william53,27-07-24,07-06-05,Saint Martin
368,yarcher,24-02-24,03-08-97,Saint Martin
369,marcomoore,11-07-24,14-12-78,Saint Martin
370,burnstara,18-11-23,14-10-79,Saint Martin
371,monica16,24-07-24,25-02-77,Saint Martin
372,wgarcia,13-05-24,12-01-81,Saint Martin
373,benjamin40,20-06-24,01-08-99,Saint Martin
374,mindy76,20-07-24,20-04-82,Zimbabwe
375,craiggarcia,24-02-24,24-01-96,Zimbabwe
376,khowell,05-07-24,05-05-00,Zimbabwe
377,gilmoredanny,19-03-24,23-03-03,Zimbabwe
378,vickihunter,02-12-23,31-05-77,Zimbabwe
379,michael05,29-10-24,02-03-85,Zimbabwe
380,qtaylor,01-09-24,24-10-89,Zimbabwe
381,karlapage,11-06-24,18-12-75,Zimbabwe
382,samuel61,16-06-24,27-06-01,Zimbabwe
383,paulbullock,15-06-24,20-10-89,Zimbabwe
384,tylercourtney,29-04-24,05-08-00,Zimbabwe
385,danielsherman,26-01-24,10-09-88,Zimbabwe
386,melissagonzalez,10-03-24,12-01-02,Zimbabwe
387,qguerrero,26-10-24,12-01-97,Zimbabwe
388,billy71,22-07-24,11-07-07,Zimbabwe
389,allenmichelle,24-07-24,20-11-96,Zimbabwe
390,juliabond,07-06-24,21-03-03,Zimbabwe
391,wellsbrittany,18-11-23,19-04-03,Zimbabwe
392,nicole67,12-12-23,16-07-02,Zimbabwe
393,michaelkaufman,12-08-24,03-04-02,Zimbabwe
394,madelinegarcia,22-03-24,14-02-04,Zimbabwe
395,matthew72,09-09-24,24-10-86,Zimbabwe
396,sydney61,14-10-24,28-03-92,Zimbabwe
397,kelsey32,02-06-24,07-03-75,Zimbabwe
398,casemarcus,23-04-24,11-01-87,Zimbabwe
399,daniel97,08-07-24,17-11-86,Zimbabwe
400,josephfreeman,05-01-24,26-10-89,Zimbabwe
401,davisnichole,18-07-24,12-09-75,Zimbabwe
402,thomastimothy,27-03-24,01-10-04,Zimbabwe
403,margaret01,29-06-24,13-01-78,Zimbabwe
404,williamclark,13-09-24,30-03-77,Zimbabwe
405,ppalmer,16-01-24,10-03-80,Zimbabwe
406,crystal57,13-05-24,03-09-85,Brunei Darussalam
407,melaniehall,02-11-24,08-05-99,Brunei Darussalam
408,blackellen,09-01-24,29-07-80,Brunei Darussalam
409,jacksongregory,02-06-24,27-09-76,Brunei Darussalam
410,jsaunders,07-08-24,08-01-83,Brunei Darussalam
411,monica95,11-06-24,01-08-82,Brunei Darussalam
412,ashley65,28-11-23,13-06-81,Brunei Darussalam
413,dbyrd,24-01-24,03-05-90,Brunei Darussalam
414,smithamanda,06-06-24,06-01-92,Brunei Darussalam
415,stephaniemorrison,26-04-24,10-05-83,Brunei Darussalam
416,austinalejandra,28-04-24,10-11-98,Brunei Darussalam
417,haley29,31-07-24,07-07-03,Brunei Darussalam
418,timothybyrd,27-11-23,16-11-94,Brunei Darussalam
419,debra63,13-04-24,02-03-93,Brunei Darussalam
420,leahhill,31-07-24,28-01-84,Brunei Darussalam
421,kristinelson,09-01-24,14-03-79,Brunei Darussalam
422,dayadam,20-04-24,11-08-91,Brunei Darussalam
423,tony66,06-02-24,10-07-76,Cayman Islands
424,christopher02,13-07-24,31-03-75,Trinidad and Tobago
425,dgrant,20-03-24,01-06-03,Kenya
426,rebeccafriedman,14-11-24,19-11-74,Hong Kong
427,lisaacevedo,25-01-24,12-05-78,Guyana
428,natasha34,23-09-24,08-07-88,Kazakhstan
429,aguirrenicholas,31-10-24,27-02-01,Sudan
430,rmiller,03-01-24,19-06-99,United Arab Emirates
431,anndorsey,17-10-24,10-08-91,Saint Helena
432,qclark,13-01-24,20-05-07,Saint Helena
433,richarddavis,14-09-24,28-10-88,Saint Helena
434,erica74,24-10-24,06-01-03,Saint Helena
435,richardsonmathew,05-02-24,07-02-95,Saint Helena
436,mirandajennifer,29-11-23,13-07-99,Saint Helena
437,diana08,29-06-24,21-04-94,Saint Helena
438,xramos,23-12-23,29-06-06,Saint Helena
439,catherinevalencia,17-01-24,27-04-01,Saint Helena
440,taylormarie,11-08-24,05-11-87,Saint Helena
441,graydonna,16-11-24,20-01-05,Saint Helena
442,olivianeal,28-02-24,04-08-05,Saint Helena
443,vjohnson,26-01-24,08-04-97,Croatia
444,amandalucas,20-10-24,10-02-06,Tunisia
445,rojasgina,25-02-24,26-04-82,Tunisia
446,nancy76,18-06-24,28-04-86,Tunisia
447,kristi94,26-08-24,20-10-98,Tunisia
448,russellhannah,10-01-24,02-11-07,Tunisia
449,jefferymccoy,04-02-24,18-10-88,Tunisia
450,rachaelgreen,11-05-24,14-01-84,Tunisia
451,dmiller,07-10-24,09-06-84,Tunisia
452,jhubbard,10-12-23,12-01-76,Tunisia
453,hallmichael,15-02-24,08-01-92,Tunisia
454,arobertson,09-05-24,06-07-84,Tunisia
455,ualexander,05-02-24,19-09-94,Tunisia
456,austin45,01-01-24,01-01-79,Tunisia
457,sean62,02-06-24,09-03-01,Tunisia
458,christopher41,06-04-24,03-05-02,Tunisia
459,waltersmith,20-02-24,19-09-01,Samoa
460,xmcgee,22-08-24,26-03-86,Gabon
461,lmorgan,02-04-24,27-11-90,Gabon
462,nelsonashley,19-07-24,10-06-90,Gabon
463,davisjohn,09-01-24,19-09-89,Gabon
464,wstanley,10-09-24,21-08-75,Gabon
465,petersonheather,24-09-24,26-05-89,Gabon
466,jcampbell,08-09-24,17-04-97,Gabon
467,rickylindsey,14-05-24,25-10-75,Gabon
468,calhounkathryn,19-04-24,25-11-87,Gabon
469,bergeranthony,08-04-24,24-04-97,Gabon
470,nelsonkaren,08-12-23,20-09-96,Gabon
471,coryjohnson,12-01-24,15-01-76,Gabon
472,pamela15,23-10-24,20-08-80,Gabon
473,carpenterterry,08-10-24,03-04-98,Gabon
474,crawfordariana,08-04-24,30-06-91,Gabon
475,victorchristensen,16-12-23,02-05-91,Gabon
476,ramosmichael,14-09-24,06-12-82,Gabon
477,amandagillespie,13-05-24,21-12-78,Gabon
478,dustin74,25-06-24,13-07-01,Gabon
479,mperry,29-06-24,06-01-77,Gabon
480,lbates,30-05-24,08-10-79,Gabon
481,sharon74,17-09-24,01-04-02,Gabon
482,victoria48,05-12-23,15-08-98,Gabon
483,pcampbell,21-04-24,30-05-91,Gabon
484,antonioperry,01-12-23,04-10-89,Gabon
485,joseph45,15-09-24,27-11-92,Gabon
486,phillipsbrittany,24-06-24,08-11-02,Gabon
487,rodriguezbrittany,28-07-24,26-07-75,Gabon
488,tiffany53,05-08-24,29-01-97,Gabon
489,johnsonwilliam,24-11-23,12-01-95,Gabon
490,mary42,06-07-24,27-06-97,Gabon
491,kendra19,31-05-24,04-10-06,Maldives
492,abbottjuan,17-09-24,28-12-74,Pakistan
493,john95,11-12-23,30-01-84,Gabon
494,newmanmichael,29-09-24,07-06-94,Belarus
495,rebeccawise,20-07-24,18-10-77,Algeria
496,phall,08-07-24,04-07-90,Kenya
497,rparker,22-03-24,23-02-89,Ecuador
498,warekimberly,28-02-24,03-04-03,Ecuador
499,whitealicia,12-01-24,01-07-76,Ecuador
500,lisaroberts,26-01-24,08-08-02,Ecuador
501,colebush,12-04-24,24-12-97,Ecuador
502,chloemitchell,10-08-24,13-04-94,Ecuador
503,bholloway,07-10-24,24-04-02,Ecuador
504,csanders,22-01-24,06-10-86,Ecuador
505,oparker,11-03-24,19-09-82,Ecuador
506,patriciawatkins,05-10-24,05-03-90,Ecuador
507,jonesmarissa,19-12-23,18-10-77,Ecuador
508,jonesjessica,23-05-24,31-12-77,Ecuador
509,krodriguez,19-07-24,06-08-93,Ecuador
510,kbell,22-10-24,14-09-77,Ecuador
511,laurahebert,07-04-24,17-09-91,Ecuador
512,csmith,25-03-24,08-10-01,Ecuador
513,edwinpearson,22-10-24,05-03-06,Ecuador
514,wrightadrienne,31-08-24,12-01-92,Ecuador
515,kelseynguyen,22-12-23,27-11-95,Ecuador
516,tzhang,23-05-24,15-02-85,Ecuador
517,michellegonzalez,05-12-23,31-03-01,Ecuador
518,stephenpatton,05-01-24,10-07-84,Ecuador
519,hallpaula,09-01-24,14-03-76,Ecuador
520,jameswilson,28-07-24,25-10-94,Ecuador
521,james99,23-01-24,10-08-76,Ecuador
522,brenthenderson,19-12-23,14-08-79,Ecuador
523,mbowen,18-05-24,22-12-97,Ecuador
524,stephaniehartman,08-09-24,01-07-88,Ecuador
525,donald09,07-04-24,13-06-75,Ecuador
526,erinsnyder,19-01-24,07-09-07,Ecuador
527,benjamin83,10-04-24,05-12-86,Ecuador
528,egonzalez,23-03-24,10-01-89,Ecuador
529,pcarlson,07-06-24,24-03-78,Ecuador
530,qbrady,20-03-24,26-05-89,Ecuador
531,robert03,23-05-24,09-10-99,Ecuador
532,anthonymitchell,05-12-23,25-08-84,Ecuador
533,vreynolds,09-09-24,01-05-80,Ecuador
534,linda68,11-07-24,02-11-06,Ecuador
535,xbarrett,23-11-23,02-10-83,Ecuador
536,tylerjones,31-08-24,18-12-95,Ecuador
537,silvaalexander,06-02-24,02-12-87,Ecuador
538,taylortate,17-12-23,28-07-99,Jordan
539,kinggary,13-09-24,08-04-85,Jordan
540,erickelly,12-10-24,12-10-03,Jordan
541,schmidtmanuel,09-03-24,04-02-01,Jordan
542,fibarra,09-02-24,25-01-93,Jordan
543,helen79,02-01-24,17-09-94,Jordan
544,burnschristopher,18-11-23,29-04-80,Jordan
545,bthomas,01-05-24,29-01-87,Jordan
546,patricia65,09-01-24,07-08-86,Jordan
547,lanthony,14-03-24,17-03-95,Jordan
548,cskinner,25-12-23,15-10-02,Jordan
549,vhicks,12-09-24,23-04-92,Jordan
550,gary95,10-04-24,08-06-07,Jordan
551,elliswilliam,04-04-24,13-02-04,Jordan
552,frances25,11-04-24,02-02-88,Jordan
553,taylor03,16-09-24,05-01-02,Jordan
554,tmckee,23-02-24,16-11-94,Jordan
555,elewis,11-12-23,12-02-82,Jordan
556,christiangarza,15-11-24,14-03-85,Jordan
557,darrell40,14-07-24,17-03-95,Jordan
558,obutler,31-01-24,14-07-81,Jordan
559,tfisher,09-07-24,14-01-75,Jordan
560,dthomas,24-11-23,13-06-81,Jordan
561,valdezvalerie,02-10-24,06-09-81,Jordan
562,raymondvasquez,03-02-24,18-02-07,Jordan
563,underwoodgerald,16-02-24,04-12-99,Jordan
564,jennifer79,19-05-24,09-04-84,Jordan
565,angelamendoza,11-02-24,12-07-89,Jordan
566,tsmith,08-09-24,07-09-90,Jordan
567,jenningsbrandon,09-10-24,16-01-99,Jordan
568,jennifer10,01-09-24,01-01-79,Jordan
569,amanda95,04-04-24,06-08-80,Jordan
570,jenniferholmes,20-05-24,24-01-07,Jordan
571,michaelscott,16-10-24,30-10-05,Jordan
572,justingonzalez,29-09-24,07-06-91,Jordan
573,aaronbrown,19-05-24,29-06-83,Jordan
574,phillipskevin,26-11-23,30-07-95,Jordan
575,jeandavenport,09-11-24,16-10-83,Jordan
576,uharris,03-04-24,16-02-84,Jordan
577,lisareynolds,30-06-24,19-10-88,Jordan
578,williamsrachel,23-03-24,22-11-87,Jordan
579,balvarez,03-09-24,30-10-76,Jordan
580,robertwilson,29-05-24,20-06-03,Jordan
581,anthony28,26-11-23,10-08-77,Jordan
582,promero,08-08-24,28-08-06,Jordan
583,dboyd,29-01-24,16-08-96,Jordan
584,brownjames,08-10-24,01-01-03,Jordan
585,veronica07,05-07-24,11-07-93,Jordan
586,iweaver,26-07-24,31-03-78,Jordan
587,rhonda50,23-08-24,25-04-04,Jordan
588,aprilbradley,08-01-24,26-12-89,Jordan
589,brownmichael,22-06-24,12-08-00,Jordan
590,danielsdeanna,18-02-24,15-12-76,Jordan
591,krausezachary,23-09-24,16-01-78,Jordan
592,garciagregory,26-09-24,15-06-85,Jordan
593,kallen,13-12-23,12-01-86,Jordan
594,ashley44,15-08-24,13-03-76,Jordan
595,codysanchez,01-11-24,13-03-75,Jordan
596,nelsonlisa,06-02-24,12-02-92,Jordan
597,bestmichael,14-04-24,30-11-79,Jordan
598,jjohnson,11-02-24,12-04-81,Jordan
599,fernandeztamara,07-09-24,11-01-84,Jordan
600,lindseysheppard,15-05-24,30-03-85,Jordan
601,uortiz,05-08-24,10-03-83,Jordan
602,gordoncarol,12-08-24,23-01-76,Jordan
603,thomaslucas,16-03-24,11-03-77,Jordan
604,psullivan,27-05-24,26-03-79,Jordan
605,tmoore,12-10-24,17-06-96,Jordan
606,hswanson,25-05-24,01-10-05,Jordan
607,nicole44,17-08-24,29-08-97,Jordan
608,msingleton,02-03-24,11-11-80,Jordan
609,kent05,07-11-24,01-12-98,Jordan
610,nelsoncameron,16-06-24,11-12-05,Jordan
611,rmiles,10-01-24,15-08-75,Jordan
612,jason74,26-12-23,01-07-04,Jordan
613,yhamilton,11-01-24,21-03-82,Jordan
614,donaldkerr,31-07-24,09-04-89,Kiribati
615,lisaaustin,24-01-24,01-01-81,Kiribati
616,zferrell,27-09-24,20-06-84,Kiribati
617,sarah50,14-12-23,22-06-89,Kiribati
618,bhouston,24-03-24,07-02-01,Kiribati
619,owood,04-08-24,20-11-87,Kiribati
620,ucole,01-12-23,05-11-02,Kiribati
621,gwilliams,20-12-23,22-12-87,Kiribati
622,kiddmitchell,10-01-24,18-07-03,Kiribati
623,larry40,20-03-24,25-12-75,Kiribati
624,andersondavid,28-09-24,03-04-03,Kiribati
625,coleerica,27-09-24,07-10-78,Kiribati
626,rbarron,05-12-23,29-09-01,Kiribati
627,mikaylajohnson,15-03-24,04-08-82,Kiribati
628,tamara25,16-07-24,25-02-00,Kiribati
629,courtneysanchez,12-07-24,13-11-05,Kiribati
630,peterdominguez,16-11-24,02-03-02,Kiribati
631,nicholsgreg,07-10-24,07-09-84,Kiribati
632,jacksonrhonda,05-11-24,22-10-98,Kiribati
633,ronaldwood,03-09-24,24-03-04,Kiribati
634,heather41,16-01-24,18-02-93,Kiribati
635,gstone,23-09-24,25-04-92,Kiribati
636,matthewdorsey,12-08-24,19-04-86,Kiribati
637,ghall,31-03-24,27-12-82,Kiribati
638,ericsmith,09-12-23,26-08-80,Kiribati
639,wilsonmelinda,25-11-23,28-02-78,Kiribati
640,richard62,06-01-24,30-12-77,Kiribati
641,brandi94,27-03-24,27-12-78,Kiribati
642,bhill,14-04-24,20-04-97,Kiribati
643,millssuzanne,09-08-24,23-11-99,Kiribati
644,davidharrison,05-09-24,19-09-80,Kiribati
645,andre31,18-01-24,03-05-98,Kiribati
646,nathaniel99,05-12-23,10-06-98,Kiribati
647,pbender,01-02-24,31-10-77,Kiribati
648,walterdeleon,16-10-24,26-01-82,Kiribati
649,joseph17,24-08-24,22-12-89,Kiribati
650,gblack,22-03-24,11-08-79,Kiribati
651,hornrobert,08-03-24,16-02-80,Kiribati
652,zsmith,09-03-24,15-05-06,Kiribati
653,christopherbartlett,29-07-24,23-08-97,Kiribati
654,fritzmonica,21-05-24,11-02-90,Kiribati
655,richardneal,08-02-24,02-08-81,Kiribati
656,snydergary,19-01-24,12-02-83,Kiribati
657,wilkinsonteresa,29-11-23,18-05-79,Kiribati
658,kirknicholas,14-09-24,17-05-87,Kiribati
659,sean75,05-03-24,02-11-96,Kiribati
660,joneselizabeth,28-05-24,02-03-78,Kiribati
661,joneschristina,28-05-24,06-04-90,Kiribati
662,williamgood,20-07-24,09-09-77,Kiribati
663,raven58,15-04-24,24-08-83,Kiribati
664,powersxavier,13-03-24,05-10-77,Kiribati
665,mhunter,02-10-24,03-05-05,Kiribati
666,daniel35,28-05-24,16-10-03,Kiribati
667,sharonobrien,09-06-24,11-07-82,Kiribati
668,ashley06,21-07-24,18-05-97,Kiribati
669,thomasli,07-07-24,30-07-79,Kiribati
670,scott52,03-02-24,20-01-00,Kiribati
671,kellycurtis,30-05-24,18-04-02,Kiribati
672,trevor94,16-04-24,22-03-96,Kiribati
673,bradleymiller,20-02-24,27-07-76,Kiribati
674,jennifertran,17-05-24,22-06-76,Kiribati
675,jenniferbell,24-05-24,06-08-90,Kiribati
676,juliayoung,20-07-24,21-11-77,Kiribati
677,richard30,30-11-23,08-06-95,Kiribati
678,otran,27-12-23,28-05-04,Kiribati
679,bryanallison,15-11-24,01-07-91,Kiribati
680,imorgan,22-03-24,10-10-96,Kiribati
681,daniel83,19-09-24,25-07-88,Kiribati
682,bobbyking,09-02-24,08-04-02,Kiribati
683,michael77,30-01-24,05-05-94,Kiribati
684,jonesapril,14-02-24,09-06-89,Kiribati
685,jasmine72,11-02-24,27-05-04,Kiribati
686,nortiz,11-08-24,08-10-04,Kiribati
687,christopherhernandez,29-09-24,31-12-97,Kiribati
688,dunnalexander,23-01-24,18-02-93,Kiribati
689,elong,23-12-23,14-09-87,Kiribati
690,william24,31-12-23,23-11-84,Kiribati
691,xcarlson,10-03-24,01-09-93,Kiribati
692,daniel17,02-01-24,27-05-81,Kiribati
693,yvonneperry,12-05-24,28-11-92,Kiribati
694,mpena,17-09-24,29-07-07,Kiribati
695,shelby65,26-11-23,28-08-06,Kiribati
696,dmadden,21-02-24,24-08-86,Kiribati
697,christinesutton,17-02-24,17-05-81,Kiribati
698,jennifergonzalez,26-02-24,10-09-75,Kiribati
699,rojastyler,02-03-24,29-04-04,Kiribati
700,williamsmarc,28-10-24,23-07-78,Kiribati
701,dana03,28-11-23,15-02-88,Kiribati
702,kenneth00,24-06-24,31-07-97,Kiribati
703,gregory97,13-03-24,24-10-81,Kiribati
704,eperkins,09-02-24,26-11-06,Kiribati
705,bobby74,02-02-24,17-12-93,Kiribati
706,darren98,25-04-24,15-09-79,Kiribati
707,gary38,28-09-24,05-07-98,Kiribati
708,ruthbanks,13-07-24,24-06-88,Kiribati
709,thomasdixon,26-09-24,10-07-93,Kiribati
710,richardrogers,28-08-24,24-01-03,Kiribati
711,rhodesjacob,08-11-24,27-11-95,Kiribati
712,wscott,25-08-24,12-09-97,Kiribati
713,wbryant,26-05-24,30-10-04,Kiribati
714,lcollins,11-06-24,26-03-97,Kiribati
715,isummers,21-04-24,29-09-87,Kiribati
716,tmoore,10-06-24,15-03-81,Kiribati
717,valeriesalazar,30-01-24,24-01-79,Kiribati
718,ygonzalez,24-02-24,10-03-93,Kiribati
719,stephaniemaxwell,24-05-24,21-05-97,Kiribati
720,mfoley,01-01-24,20-03-87,Kiribati
721,cunninghamleah,13-04-24,14-07-03,Kiribati
722,imartin,19-04-24,02-01-85,Kiribati
723,nbaker,16-06-24,10-12-84,Kiribati
724,rachel01,21-02-24,30-08-91,Kiribati
725,xfrazier,28-07-24,25-08-86,Kiribati
726,kimberly04,14-01-24,09-03-77,Kiribati
727,kelseymitchell,11-04-24,06-07-81,Kiribati
728,christopher90,27-04-24,28-02-82,Kiribati
729,iluna,15-10-24,04-01-85,Kiribati
730,robertoreynolds,21-05-24,17-04-06,Kiribati
731,nancygriffin,26-10-24,16-10-78,Kiribati
732,carlos49,11-08-24,10-09-85,Kiribati
733,karensexton,12-08-24,09-12-85,Kiribati
734,iosborne,20-01-24,01-07-03,Kiribati
735,johnsonronald,09-08-24,04-01-78,Kiribati
736,owilson,05-10-24,16-11-78,Kiribati
737,jonesmary,18-11-23,03-03-07,Kiribati
738,briandunn,04-11-24,26-04-81,Kiribati
739,jerry64,23-12-23,05-04-81,Kiribati
740,kevinlarson,17-05-24,30-07-83,Kiribati
741,idoyle,15-09-24,11-12-03,Kiribati
742,nthompson,09-06-24,21-12-89,Kiribati
743,santiagorobert,08-12-23,22-02-75,Kiribati
744,duncanharold,18-10-24,09-02-75,Kiribati
745,michaelmartinez,08-09-24,25-01-78,Kiribati
746,daniel07,04-01-24,20-07-76,Kiribati
747,bhuff,29-03-24,09-08-86,Kiribati
748,kelly61,07-12-23,29-01-98,Kiribati
749,edwardsshirley,28-12-23,11-02-86,Kiribati
750,nancy61,29-04-24,10-07-98,Kiribati
751,markshelton,26-05-24,01-05-03,Kiribati
752,judy33,07-08-24,03-02-92,Kiribati
753,yvonneclarke,17-10-24,27-09-82,Kiribati
754,heather83,19-10-24,18-07-06,Kiribati
755,iharmon,20-11-23,28-06-78,Kiribati
756,lmalone,08-09-24,05-06-02,Kiribati
757,meghan58,05-04-24,20-06-84,Kiribati
758,sheachristy,12-10-24,17-01-87,Kiribati
759,jmills,24-11-23,23-10-76,Kiribati
760,theresawilliams,07-02-24,13-05-82,Kiribati
761,haleyamy,03-06-24,27-03-91,Kiribati
762,lisa18,04-10-24,31-10-05,Kiribati
763,brownpamela,21-08-24,18-03-85,Kiribati
764,reedregina,20-07-24,07-10-76,Kiribati
765,heather56,26-06-24,15-09-97,Kiribati
766,glewis,20-08-24,04-12-97,Kiribati
767,debra89,22-02-24,21-05-84,Kiribati
768,kellyclark,04-10-24,25-07-80,Kiribati
769,dorothymiller,06-03-24,14-04-83,Kiribati
770,pearsoncaroline,15-08-24,02-03-87,Kiribati
771,lovepatrick,12-04-24,28-02-00,Kiribati
772,ryan59,15-01-24,13-09-79,Kiribati
773,mark20,08-11-24,21-09-77,Kiribati
774,michael41,19-08-24,20-07-87,Kiribati
775,boltonmichelle,09-06-24,10-05-95,Kiribati
776,brian06,26-08-24,06-12-78,Kiribati
777,brianna67,01-12-23,09-11-02,Kiribati
778,michael72,29-02-24,25-01-83,Kiribati
779,margaret44,04-12-23,19-06-85,Kiribati
780,santospatricia,16-03-24,08-07-86,Kiribati
781,robertryan,25-05-24,26-05-07,Kiribati
782,candace69,08-09-24,12-05-81,Kiribati
783,fergusoncrystal,19-11-23,28-10-88,Kiribati
784,gmiller,14-11-24,08-01-83,Kiribati
785,ryan78,24-06-24,09-04-05,Kiribati
786,robert51,20-07-24,25-05-84,Kiribati
787,pmclaughlin,17-07-24,21-06-82,Kiribati
788,cjenkins,13-06-24,20-03-87,Kiribati
789,phillipwilliams,13-03-24,09-11-01,Kiribati
790,jgarcia,09-08-24,08-09-78,Kiribati
791,dustincummings,26-12-23,11-04-80,Kiribati
792,davidbrown,11-09-24,11-12-75,Kiribati
793,john93,27-05-24,25-04-76,Kiribati
794,sherribean,19-01-24,19-02-96,Kiribati
795,stephaniewilliams,11-05-24,16-05-99,Kiribati
796,kmoore,13-10-24,25-05-95,Kiribati
797,kimberlyross,26-08-24,29-09-75,Kiribati
798,savannah56,08-09-24,25-01-92,Kiribati
799,emma63,25-02-24,21-01-91,Kiribati
800,rgreene,11-03-24,22-08-75,Kiribati
801,patriciagill,27-02-24,03-01-80,Kiribati
802,annette55,28-04-24,23-07-81,Tunisia
803,sabrina24,19-06-24,31-07-75,Tunisia
804,qjacobson,31-10-24,16-03-95,Tunisia
805,richard07,25-11-23,10-12-79,Tunisia
806,karcher,03-07-24,02-02-80,Tunisia
807,underwoodcharles,17-01-24,25-11-03,Tunisia
808,nicole60,03-10-24,22-06-97,Tunisia
809,hdeleon,02-02-24,26-03-03,Tunisia
810,michaelwoods,05-10-24,06-05-76,Tunisia
811,harristraci,09-12-23,16-08-93,Tunisia
812,ebonygomez,30-03-24,11-08-89,Tunisia
813,spencertravis,10-06-24,22-02-86,Tunisia
814,newtonjennifer,01-11-24,23-07-97,Tunisia
815,michael04,14-12-23,16-11-86,Tunisia
816,gmcgrath,17-05-24,26-11-93,Tunisia
817,nmarshall,03-07-24,06-02-75,Tunisia
818,michael41,08-03-24,12-03-85,Tunisia
819,mharris,14-03-24,25-09-02,Tunisia
820,kingrobert,16-08-24,18-09-78,Tunisia
821,briannguyen,20-03-24,03-08-88,Tunisia
822,hgutierrez,20-05-24,02-09-92,Tunisia
823,jaredbeard,21-05-24,02-11-76,Tunisia
824,qhayes,08-01-24,15-01-98,Tunisia
825,dwilson,02-11-24,29-09-90,Tunisia
826,gmartinez,30-05-24,10-02-80,Tunisia
827,lisa49,21-06-24,18-11-81,Tunisia
828,justin20,21-02-24,18-10-00,Tunisia
829,msalas,03-02-24,03-06-89,Tunisia
830,danielbradley,29-08-24,07-10-79,Tunisia
831,gregellis,07-08-24,09-04-86,Tunisia
832,epowers,28-04-24,16-08-75,Tunisia
833,katherinestafford,09-03-24,30-03-98,Tunisia
834,alexis30,09-05-24,04-02-04,Tunisia
835,michaelmarks,28-04-24,02-02-04,Tunisia
836,khall,18-06-24,15-03-99,Tunisia
837,daniel98,18-09-24,28-08-82,Tunisia
838,davidjohnston,20-06-24,22-01-97,Tunisia
839,dean17,10-03-24,01-01-85,Tunisia
840,wmartin,04-08-24,26-08-89,Tunisia
841,ramirezpenny,30-11-23,18-05-92,Tunisia
842,woodedgar,15-06-24,31-10-82,Tunisia
843,morrisbarbara,09-05-24,01-05-07,Tunisia
844,ryan81,15-08-24,02-01-02,Tunisia
845,adamsthomas,04-12-23,24-05-03,Tunisia
846,jacob75,13-05-24,28-12-82,Tunisia
847,klopez,25-07-24,22-06-84,Tunisia
848,sortiz,20-11-23,19-04-03,Tunisia
849,oscott,15-04-24,10-11-96,Tunisia
850,loretta64,29-02-24,05-03-76,Tunisia
851,mgardner,29-09-24,30-09-06,Tunisia
852,matthew98,30-08-24,11-09-82,Tunisia
853,mariamoyer,03-01-24,12-08-89,Tunisia
854,garymurphy,17-02-24,15-12-81,Tunisia
855,david61,21-10-24,25-11-79,Tunisia
856,helliott,05-02-24,14-06-98,Tunisia
857,ehill,08-02-24,20-12-01,Tunisia
858,richard75,16-03-24,20-01-80,Tunisia
859,mckeebilly,21-06-24,30-08-88,Tunisia
860,angelamoody,09-09-24,05-05-89,Tunisia
861,wilkinsmelinda,12-02-24,26-12-92,Tunisia
862,sonia53,02-01-24,13-02-95,Tunisia
863,emilybradford,03-03-24,14-01-05,Tunisia
864,danielmurphy,27-05-24,13-12-98,Tunisia
865,timothyrogers,09-01-24,30-11-94,Tunisia
866,beth49,25-09-24,07-05-84,Tunisia
867,edwardcampbell,08-11-24,15-07-97,Tunisia
868,robert04,23-07-24,05-03-85,Tunisia
869,brookebradley,15-04-24,25-01-81,Tunisia
870,sanderswalter,04-08-24,22-03-85,Tunisia
871,laurabrown,08-01-24,12-11-00,Tunisia
872,chadguzman,03-11-24,11-07-93,Tunisia
873,stanleycox,27-01-24,02-11-98,Tunisia
874,deborahhopkins,25-06-24,21-05-99,Tunisia
875,dwang,14-10-24,22-01-82,Tunisia
876,cwilliams,15-07-24,11-09-07,Tunisia
877,beckygonzalez,16-02-24,25-12-81,Tunisia
878,tbrown,02-05-24,20-02-94,Tunisia
879,nicholas93,26-04-24,08-03-01,Tunisia
880,ronaldbyrd,03-05-24,23-08-00,Tunisia
881,ebrown,21-07-24,19-06-00,Tunisia
882,cbond,14-01-24,26-09-79,Tunisia
883,wyattdavis,06-03-24,13-12-02,Tunisia
884,fletcherwhitney,15-10-24,25-05-96,Tunisia
885,hailey39,20-11-23,23-06-76,Tunisia
886,richard82,06-04-24,11-04-03,Tunisia
887,lindarich,05-10-24,28-04-00,Tunisia
888,brodriguez,31-01-24,02-12-05,Tunisia
889,elizabethlove,11-07-24,07-12-93,Tunisia
890,nathan58,12-05-24,15-04-02,Tunisia
891,nicole12,22-03-24,18-10-77,Tunisia
892,steinjeffery,15-10-24,15-05-76,Tunisia
893,melissasnyder,01-09-24,15-03-75,Tunisia
894,carol84,22-03-24,05-10-78,Tunisia
895,david22,17-07-24,19-11-79,Tunisia
896,howardapril,17-06-24,27-04-93,Tunisia
897,gsalazar,21-09-24,08-06-06,Tunisia
898,amandabullock,23-08-24,02-09-79,Tunisia
899,katrinaparsons,05-12-23,15-08-03,Tunisia
900,contreraswilliam,06-10-24,02-03-03,Tunisia
901,jonesrachel,18-08-24,26-09-86,Tunisia
902,margaret20,22-04-24,18-05-82,Tunisia
903,brownmatthew,12-06-24,16-11-99,Tunisia
904,wmendoza,20-10-24,16-11-07,Tunisia
905,davisshari,29-07-24,05-04-04,Tunisia
906,mannjack,18-09-24,06-02-78,Tunisia
907,robertbaird,11-01-24,02-06-85,Tunisia
908,carolyn59,06-09-24,23-11-89,Tunisia
909,melaniehall,29-08-24,25-06-85,Tunisia
910,uwilson,06-06-24,30-05-04,Tunisia
911,masontimothy,04-06-24,20-10-97,Tunisia
912,browndonald,24-10-24,24-09-01,Tunisia
913,pgreen,03-04-24,27-03-93,Tunisia
914,toddgreen,17-03-24,07-10-99,Vietnam
915,davisashley,10-10-24,22-01-76,Egypt
916,brockdavid,05-10-24,01-06-76,Egypt
917,murphycraig,24-04-24,26-07-79,Egypt
918,juliehall,06-06-24,14-12-05,Egypt
919,cody35,04-10-24,07-03-82,Egypt
920,linda34,18-07-24,04-12-96,Egypt
921,william81,18-12-23,29-06-03,Egypt
922,beth47,19-09-24,17-04-84,Egypt
923,meyerskenneth,02-03-24,13-03-95,Egypt
924,brittany68,01-08-24,16-08-01,Egypt
925,pamelaolsen,29-12-23,03-01-77,Egypt
926,greenryan,30-09-24,01-09-90,Egypt
927,alvaradojames,27-11-23,12-10-94,Egypt
928,lmurphy,30-08-24,11-05-89,Egypt
929,qjohnson,11-07-24,22-12-84,Egypt
930,devans,14-08-24,18-03-05,Egypt
931,burnsjoseph,18-09-24,22-02-02,Egypt
932,ejohnson,20-08-24,21-10-88,Egypt
933,lawsonelizabeth,06-04-24,24-07-99,Egypt
934,jasmine58,03-07-24,14-07-89,Egypt
935,robert63,30-06-24,14-09-01,Egypt
936,jeffersoncurtis,04-11-24,18-10-99,Egypt
937,hrogers,20-03-24,29-12-97,Egypt
938,carolmartinez,30-03-24,30-04-89,Egypt
939,fieldsrichard,01-09-24,07-03-98,Egypt
940,millermichael,06-04-24,04-01-07,Egypt
941,gmyers,27-04-24,13-02-85,Egypt
942,ajimenez,17-04-24,16-06-06,Egypt
943,reyesedward,22-01-24,24-04-97,Egypt
944,shortdonald,20-10-24,06-12-79,Egypt
945,kellyhill,04-08-24,17-05-07,Egypt
946,heather59,21-07-24,10-06-89,Egypt
947,christopher53,30-08-24,25-10-75,Egypt
948,vhoward,30-03-24,14-05-84,Egypt
949,moodyleah,30-09-24,14-09-90,Egypt
950,fconley,13-02-24,10-05-92,Egypt
951,grantjacob,11-05-24,19-06-86,Egypt
952,michaelsmith,30-05-24,20-03-76,Egypt
953,wilsonjose,08-01-24,10-02-95,Egypt
954,jray,17-04-24,22-01-96,Egypt
955,davidkimberly,01-03-24,25-08-84,Egypt
956,nsmith,28-04-24,28-01-79,Egypt
957,scottallison,17-10-24,24-08-95,Egypt
958,lmonroe,22-01-24,01-06-01,Egypt
959,bridgethernandez,02-01-24,20-02-83,Egypt
960,cheryl16,05-02-24,30-12-87,Egypt
961,gabriellesmith,12-07-24,26-04-79,Egypt
962,jodidavis,03-07-24,21-11-95,Egypt
963,brandyreeves,21-10-24,21-08-02,Egypt
964,melinda16,29-06-24,05-10-76,Egypt
965,gracerodriguez,08-08-24,16-07-91,Egypt
966,courtneyhobbs,12-03-24,22-03-99,Egypt
967,jonathandyer,04-03-24,09-06-77,Egypt
968,mirandawilliam,04-11-24,08-04-91,Egypt
969,harrismary,27-10-24,04-08-88,Egypt
970,linda91,21-02-24,19-07-88,Egypt
971,ahanson,29-01-24,19-11-00,Egypt
972,mthomas,22-05-24,26-12-79,Egypt
973,james04,08-06-24,30-07-76,Egypt
974,castillojustin,23-06-24,23-10-92,Egypt
975,reeseheather,30-08-24,20-08-98,Egypt
976,duranmadeline,01-05-24,27-12-95,Egypt
977,tylerhoover,13-12-23,01-08-04,Egypt
978,bowenapril,06-02-24,07-02-87,Egypt
979,schaeferjeremiah,27-11-23,19-06-77,Egypt
980,sheritaylor,26-04-24,06-03-80,Egypt
981,robinsondaniel,12-10-24,27-08-04,Egypt
982,lisacook,09-12-23,26-07-91,Bahamas
983,smithkrystal,05-09-24,23-07-87,Bahamas
984,josephmiller,13-11-24,12-02-76,Bahamas
985,dwatts,29-11-23,20-03-78,Bahamas
986,sandra60,08-05-24,28-08-02,Bahamas
987,jacquelinecobb,03-06-24,14-10-91,Bahamas
988,gmathews,18-05-24,12-02-97,Bahamas
989,vwillis,23-11-23,12-06-79,Bahamas
990,michael95,24-10-24,17-01-00,Bahamas
991,jessica23,07-04-24,11-02-83,Bahamas
992,stevesmith,23-12-23,23-12-90,Bahamas
993,erica32,14-10-24,25-08-99,Bahamas
994,stevenmartinez,30-03-24,30-06-01,Bahamas
995,vpatel,13-10-24,12-03-88,Bahamas
996,leslie80,13-04-24,07-03-95,Bahamas
997,brandonthomas,09-08-24,18-04-04,Bahamas
998,emily49,04-06-24,24-09-06,Bahamas
999,megan04,30-06-24,16-02-96,Bahamas
1000,mayojason,18-02-24,12-10-81,Bahamas
